﻿<?xml version="1.0" encoding="utf-8"?>
<profile>
  <language>cs</language>
  <name>Sonar way</name>
  <rules>
    <rule>
      <repositoryKey>csharpsquid</repositoryKey>
      <key>S3244</key>
    </rule>
    <rule>
      <repositoryKey>csharpsquid</repositoryKey>
      <key>S3236</key>
    </rule>
    <rule>
      <repositoryKey>csharpsquid</repositoryKey>
      <key>S1121</key>
    </rule>
    <rule>
      <repositoryKey>csharpsquid</repositoryKey>
      <key>S2306</key>
    </rule>
    <rule>
      <repositoryKey>csharpsquid</repositoryKey>
      <key>S3168</key>
    </rule>
    <rule>
      <repositoryKey>csharpsquid</repositoryKey>
      <key>S1764</key>
    </rule>
    <rule>
      <repositoryKey>csharpsquid</repositoryKey>
      <key>S1940</key>
    </rule>
    <rule>
      <repositoryKey>csharpsquid</repositoryKey>
      <key>S1125</key>
    </rule>
    <rule>
      <repositoryKey>csharpsquid</repositoryKey>
      <key>S2486</key>
    </rule>
    <rule>
      <repositoryKey>csharpsquid</repositoryKey>
      <key>S101</key>
    </rule>
    <rule>
      <repositoryKey>csharpsquid</repositoryKey>
      <key>S3453</key>
    </rule>
    <rule>
      <repositoryKey>csharpsquid</repositoryKey>
      <key>S1118</key>
    </rule>
    <rule>
      <repositoryKey>csharpsquid</repositoryKey>
      <key>S1155</key>
    </rule>
    <rule>
      <repositoryKey>csharpsquid</repositoryKey>
      <key>S2971</key>
    </rule>
    <rule>
      <repositoryKey>csharpsquid</repositoryKey>
      <key>S125</key>
    </rule>
    <rule>
      <repositoryKey>csharpsquid</repositoryKey>
      <key>S1134</key>
    </rule>
    <rule>
      <repositoryKey>csharpsquid</repositoryKey>
      <key>S1135</key>
    </rule>
    <rule>
      <repositoryKey>csharpsquid</repositoryKey>
      <key>S1862</key>
    </rule>
    <rule>
      <repositoryKey>csharpsquid</repositoryKey>
      <key>S1871</key>
    </rule>
    <rule>
      <repositoryKey>csharpsquid</repositoryKey>
      <key>S1699</key>
    </rule>
    <rule>
      <repositoryKey>csharpsquid</repositoryKey>
      <key>S1854</key>
    </rule>
    <rule>
      <repositoryKey>csharpsquid</repositoryKey>
      <key>S3172</key>
    </rule>
    <rule>
      <repositoryKey>csharpsquid</repositoryKey>
      <key>S2930</key>
    </rule>
    <rule>
      <repositoryKey>csharpsquid</repositoryKey>
      <key>S2997</key>
    </rule>
    <rule>
      <repositoryKey>csharpsquid</repositoryKey>
      <key>S2953</key>
    </rule>
    <rule>
      <repositoryKey>csharpsquid</repositoryKey>
      <key>S1186</key>
    </rule>
    <rule>
      <repositoryKey>csharpsquid</repositoryKey>
      <key>S3261</key>
    </rule>
    <rule>
      <repositoryKey>csharpsquid</repositoryKey>
      <key>S108</key>
    </rule>
    <rule>
      <repositoryKey>csharpsquid</repositoryKey>
      <key>S1116</key>
    </rule>
    <rule>
      <repositoryKey>csharpsquid</repositoryKey>
      <key>S2291</key>
    </rule>
    <rule>
      <repositoryKey>csharpsquid</repositoryKey>
      <key>S2344</key>
    </rule>
    <rule>
      <repositoryKey>csharpsquid</repositoryKey>
      <key>S1244</key>
    </rule>
    <rule>
      <repositoryKey>csharpsquid</repositoryKey>
      <key>S3445</key>
    </rule>
    <rule>
      <repositoryKey>csharpsquid</repositoryKey>
      <key>S2933</key>
    </rule>
    <rule>
      <repositoryKey>csharpsquid</repositoryKey>
      <key>S2345</key>
    </rule>
    <rule>
      <repositoryKey>csharpsquid</repositoryKey>
      <key>S2346</key>
    </rule>
    <rule>
      <repositoryKey>csharpsquid</repositoryKey>
      <key>S3217</key>
    </rule>
    <rule>
      <repositoryKey>csharpsquid</repositoryKey>
      <key>S3376</key>
    </rule>
    <rule>
      <repositoryKey>csharpsquid</repositoryKey>
      <key>S2934</key>
    </rule>
    <rule>
      <repositoryKey>csharpsquid</repositoryKey>
      <key>S3246</key>
    </rule>
    <rule>
      <repositoryKey>csharpsquid</repositoryKey>
      <key>S2326</key>
    </rule>
    <rule>
      <repositoryKey>csharpsquid</repositoryKey>
      <key>S3249</key>
    </rule>
    <rule>
      <repositoryKey>csharpsquid</repositoryKey>
      <key>S2328</key>
    </rule>
    <rule>
      <repositoryKey>csharpsquid</repositoryKey>
      <key>S2219</key>
    </rule>
    <rule>
      <repositoryKey>csharpsquid</repositoryKey>
      <key>S907</key>
    </rule>
    <rule>
      <repositoryKey>csharpsquid</repositoryKey>
      <key>S3397</key>
    </rule>
    <rule>
      <repositoryKey>csharpsquid</repositoryKey>
      <key>S1066</key>
    </rule>
    <rule>
      <repositoryKey>csharpsquid</repositoryKey>
      <key>S1145</key>
    </rule>
    <rule>
      <repositoryKey>csharpsquid</repositoryKey>
      <key>S2692</key>
    </rule>
    <rule>
      <repositoryKey>csharpsquid</repositoryKey>
      <key>S3444</key>
    </rule>
    <rule>
      <repositoryKey>csharpsquid</repositoryKey>
      <key>S2278</key>
    </rule>
    <rule>
      <repositoryKey>csharpsquid</repositoryKey>
      <key>S1944</key>
    </rule>
    <rule>
      <repositoryKey>csharpsquid</repositoryKey>
      <key>S3220</key>
    </rule>
    <rule>
      <repositoryKey>csharpsquid</repositoryKey>
      <key>S818</key>
    </rule>
    <rule>
      <repositoryKey>csharpsquid</repositoryKey>
      <key>S2184</key>
    </rule>
    <rule>
      <repositoryKey>csharpsquid</repositoryKey>
      <key>S1185</key>
    </rule>
    <rule>
      <repositoryKey>csharpsquid</repositoryKey>
      <key>S3218</key>
    </rule>
    <rule>
      <repositoryKey>csharpsquid</repositoryKey>
      <key>S100</key>
    </rule>
    <rule>
      <repositoryKey>csharpsquid</repositoryKey>
      <key>S3427</key>
    </rule>
    <rule>
      <repositoryKey>csharpsquid</repositoryKey>
      <key>S3600</key>
    </rule>
    <rule>
      <repositoryKey>csharpsquid</repositoryKey>
      <key>S1006</key>
    </rule>
    <rule>
      <repositoryKey>csharpsquid</repositoryKey>
      <key>S3262</key>
    </rule>
    <rule>
      <repositoryKey>csharpsquid</repositoryKey>
      <key>S3450</key>
    </rule>
    <rule>
      <repositoryKey>csharpsquid</repositoryKey>
      <key>S1172</key>
    </rule>
    <rule>
      <repositoryKey>csharpsquid</repositoryKey>
      <key>S2681</key>
    </rule>
    <rule>
      <repositoryKey>csharpsquid</repositoryKey>
      <key>S3265</key>
    </rule>
    <rule>
      <repositoryKey>csharpsquid</repositoryKey>
      <key>S3459</key>
    </rule>
    <rule>
      <repositoryKey>csharpsquid</repositoryKey>
      <key>S1848</key>
    </rule>
    <rule>
      <repositoryKey>csharpsquid</repositoryKey>
      <key>S2360</key>
    </rule>
    <rule>
      <repositoryKey>csharpsquid</repositoryKey>
      <key>S3466</key>
    </rule>
    <rule>
      <repositoryKey>csharpsquid</repositoryKey>
      <key>S3451</key>
    </rule>
    <rule>
      <repositoryKey>csharpsquid</repositoryKey>
      <key>S3447</key>
    </rule>
    <rule>
      <repositoryKey>csharpsquid</repositoryKey>
      <key>S3169</key>
    </rule>
    <rule>
      <repositoryKey>csharpsquid</repositoryKey>
      <key>S927</key>
    </rule>
    <rule>
      <repositoryKey>csharpsquid</repositoryKey>
      <key>S2234</key>
    </rule>
    <rule>
      <repositoryKey>csharpsquid</repositoryKey>
      <key>S3251</key>
    </rule>
    <rule>
      <repositoryKey>csharpsquid</repositoryKey>
      <key>S1450</key>
    </rule>
    <rule>
      <repositoryKey>csharpsquid</repositoryKey>
      <key>S2372</key>
    </rule>
    <rule>
      <repositoryKey>csharpsquid</repositoryKey>
      <key>S2292</key>
    </rule>
    <rule>
      <repositoryKey>csharpsquid</repositoryKey>
      <key>S2376</key>
    </rule>
    <rule>
      <repositoryKey>csharpsquid</repositoryKey>
      <key>S2368</key>
    </rule>
    <rule>
      <repositoryKey>csharpsquid</repositoryKey>
      <key>S3603</key>
    </rule>
    <rule>
      <repositoryKey>csharpsquid</repositoryKey>
      <key>S1905</key>
    </rule>
    <rule>
      <repositoryKey>csharpsquid</repositoryKey>
      <key>S3440</key>
    </rule>
    <rule>
      <repositoryKey>csharpsquid</repositoryKey>
      <key>S1939</key>
    </rule>
    <rule>
      <repositoryKey>csharpsquid</repositoryKey>
      <key>S3610</key>
    </rule>
    <rule>
      <repositoryKey>csharpsquid</repositoryKey>
      <key>S3456</key>
    </rule>
    <rule>
      <repositoryKey>csharpsquid</repositoryKey>
      <key>S1698</key>
    </rule>
    <rule>
      <repositoryKey>csharpsquid</repositoryKey>
      <key>S2995</key>
    </rule>
    <rule>
      <repositoryKey>csharpsquid</repositoryKey>
      <key>S2201</key>
    </rule>
    <rule>
      <repositoryKey>csharpsquid</repositoryKey>
      <key>S2757</key>
    </rule>
    <rule>
      <repositoryKey>csharpsquid</repositoryKey>
      <key>S1656</key>
    </rule>
    <rule>
      <repositoryKey>csharpsquid</repositoryKey>
      <key>S3449</key>
    </rule>
    <rule>
      <repositoryKey>csharpsquid</repositoryKey>
      <key>S1697</key>
    </rule>
    <rule>
      <repositoryKey>csharpsquid</repositoryKey>
      <key>S2437</key>
    </rule>
    <rule>
      <repositoryKey>csharpsquid</repositoryKey>
      <key>S2743</key>
    </rule>
    <rule>
      <repositoryKey>csharpsquid</repositoryKey>
      <key>S3263</key>
    </rule>
    <rule>
      <repositoryKey>csharpsquid</repositoryKey>
      <key>S2223</key>
    </rule>
    <rule>
      <repositoryKey>csharpsquid</repositoryKey>
      <key>S2696</key>
    </rule>
    <rule>
      <repositoryKey>csharpsquid</repositoryKey>
      <key>S1643</key>
    </rule>
    <rule>
      <repositoryKey>csharpsquid</repositoryKey>
      <key>S2275</key>
    </rule>
    <rule>
      <repositoryKey>csharpsquid</repositoryKey>
      <key>S3457</key>
    </rule>
    <rule>
      <repositoryKey>csharpsquid</repositoryKey>
      <key>S1449</key>
    </rule>
    <rule>
      <repositoryKey>csharpsquid</repositoryKey>
      <key>S3234</key>
    </rule>
    <rule>
      <repositoryKey>csharpsquid</repositoryKey>
      <key>S2758</key>
    </rule>
    <rule>
      <repositoryKey>csharpsquid</repositoryKey>
      <key>S3005</key>
    </rule>
    <rule>
      <repositoryKey>csharpsquid</repositoryKey>
      <key>S2996</key>
    </rule>
    <rule>
      <repositoryKey>csharpsquid</repositoryKey>
      <key>S1479</key>
    </rule>
    <rule>
      <repositoryKey>csharpsquid</repositoryKey>
      <key>S2225</key>
    </rule>
    <rule>
      <repositoryKey>csharpsquid</repositoryKey>
      <key>S3443</key>
    </rule>
    <rule>
      <repositoryKey>csharpsquid</repositoryKey>
      <key>S2761</key>
    </rule>
    <rule>
      <repositoryKey>csharpsquid</repositoryKey>
      <key>S3264</key>
    </rule>
    <rule>
      <repositoryKey>csharpsquid</repositoryKey>
      <key>S1144</key>
    </rule>
    <rule>
      <repositoryKey>csharpsquid</repositoryKey>
      <key>S3241</key>
    </rule>
    <rule>
      <repositoryKey>csharpsquid</repositoryKey>
      <key>S3237</key>
    </rule>
    <rule>
      <repositoryKey>csharpsquid</repositoryKey>
      <key>S2123</key>
    </rule>
    <rule>
      <repositoryKey>csharpsquid</repositoryKey>
      <key>S1117</key>
    </rule>
    <rule>
      <repositoryKey>csharpsquid</repositoryKey>
      <key>S1481</key>
    </rule>
    <rule>
      <repositoryKey>csharpsquid</repositoryKey>
      <key>S2290</key>
    </rule>
    <rule>
      <repositoryKey>csharpsquid</repositoryKey>
      <key>S3597</key>
    </rule>
    <rule>
      <repositoryKey>csharpsquid</repositoryKey>
      <key>S3598</key>
    </rule>
  </rules>
</profile>